COD_DANE;COD_DEPARTAMENTO;DEPARTAMENTO;COD_MUNICIPIO;MUNICIPIO;FECHA1erFIS
91001;91;AMAZONAS;001;LETICIA;31/03/20
91405;91;AMAZONAS;405;LA CHORRERA;15/06/20
91407;91;AMAZONAS;407;LA PEDRERA;17/07/20
91540;91;AMAZONAS;540;PUERTO NARIÑO;15/04/20
91669;91;AMAZONAS;669;PUERTO SANTANDER;24/06/20
91798;91;AMAZONAS;798;TARAPACÁ;21/06/20
05001;05;ANTIOQUIA;001;MEDELLÍN;29/02/20
05002;05;ANTIOQUIA;002;ABEJORRAL;5/07/20
05004;05;ANTIOQUIA;004;ABRIAQUÍ;6/07/20
05021;05;ANTIOQUIA;021;ALEJANDRÍA;26/07/20
05030;05;ANTIOQUIA;030;AMAGÁ;9/04/20
05031;05;ANTIOQUIA;031;AMALFI;4/07/20
05034;05;ANTIOQUIA;034;ANDES;4/04/20
05036;05;ANTIOQUIA;036;ANGELÓPOLIS;27/07/20
05038;05;ANTIOQUIA;038;ANGOSTURA;18/03/20
05040;05;ANTIOQUIA;040;ANORÍ;6/07/20
05042;05;ANTIOQUIA;042;SANTA FÉ DE ANTIOQUIA;5/06/20
05044;05;ANTIOQUIA;044;ANZÁ;10/06/20
05045;05;ANTIOQUIA;045;APARTADÓ;14/03/20
05051;05;ANTIOQUIA;051;ARBOLETES;10/05/20
05055;05;ANTIOQUIA;055;ARGELIA;16/07/20
05059;05;ANTIOQUIA;059;ARMENIA;1/07/20
05079;05;ANTIOQUIA;079;BARBOSA;15/04/20
05086;05;ANTIOQUIA;086;BELMIRA;9/07/20
05088;05;ANTIOQUIA;088;BELLO;9/03/20
05091;05;ANTIOQUIA;091;BETANIA;28/07/20
05093;05;ANTIOQUIA;093;BETULIA;23/06/20
05101;05;ANTIOQUIA;101;CIUDAD BOLÍVAR;20/06/20
05107;05;ANTIOQUIA;107;BRICEÑO;19/05/20
05113;05;ANTIOQUIA;113;BURITICÁ;1/04/20
05120;05;ANTIOQUIA;120;CÁCERES;10/03/20
05125;05;ANTIOQUIA;125;CAICEDO;24/06/20
05129;05;ANTIOQUIA;129;CALDAS;20/03/20
05134;05;ANTIOQUIA;134;CAMPAMENTO;2/07/20
05138;05;ANTIOQUIA;138;CAÑASGORDAS;29/05/20
05142;05;ANTIOQUIA;142;CARACOLÍ;18/06/20
05145;05;ANTIOQUIA;145;CARAMANTA;24/07/20
05147;05;ANTIOQUIA;147;CAREPA;10/03/20
05148;05;ANTIOQUIA;148;EL CARMEN DE VIBORAL;24/04/20
05150;05;ANTIOQUIA;150;CAROLINA;14/07/20
05154;05;ANTIOQUIA;154;CAUCASIA;9/05/20
05172;05;ANTIOQUIA;172;CHIGORODÓ;27/05/20
05190;05;ANTIOQUIA;190;CISNEROS;7/05/20
05197;05;ANTIOQUIA;197;COCORNÁ;30/03/20
05206;05;ANTIOQUIA;206;CONCEPCIÓN;1/07/20
05209;05;ANTIOQUIA;209;CONCORDIA;6/07/20
05212;05;ANTIOQUIA;212;COPACABANA;29/03/20
05234;05;ANTIOQUIA;234;DABEIBA;2/06/20
05237;05;ANTIOQUIA;237;DONMATÍAS;26/03/20
05240;05;ANTIOQUIA;240;EBÉJICO;20/06/20
05250;05;ANTIOQUIA;250;EL BAGRE;8/05/20
05264;05;ANTIOQUIA;264;ENTRERRÍOS;1/07/20
05266;05;ANTIOQUIA;266;ENVIGADO;11/03/20
05282;05;ANTIOQUIA;282;FREDONIA;7/07/20
05284;05;ANTIOQUIA;284;FRONTINO;15/03/20
05306;05;ANTIOQUIA;306;GIRALDO;28/05/20
05308;05;ANTIOQUIA;308;GIRARDOTA;29/05/20
05310;05;ANTIOQUIA;310;GÓMEZ PLATA;6/07/20
05313;05;ANTIOQUIA;313;GRANADA;6/04/20
05315;05;ANTIOQUIA;315;GUADALUPE;22/07/20
05318;05;ANTIOQUIA;318;GUARNE;13/03/20
05321;05;ANTIOQUIA;321;GUATAPÉ;10/03/20
05347;05;ANTIOQUIA;347;HELICONIA;26/06/20
05353;05;ANTIOQUIA;353;HISPANIA;7/06/20
05360;05;ANTIOQUIA;360;ITAGÜÍ;6/03/20
05361;05;ANTIOQUIA;361;ITUANGO;2/05/20
05364;05;ANTIOQUIA;364;JARDÍN;25/07/20
05368;05;ANTIOQUIA;368;JERICÓ;21/05/20
05376;05;ANTIOQUIA;376;LA CEJA;20/03/20
05380;05;ANTIOQUIA;380;LA ESTRELLA;14/03/20
05390;05;ANTIOQUIA;390;LA PINTADA;13/07/20
05400;05;ANTIOQUIA;400;LA UNIÓN;4/07/20
05411;05;ANTIOQUIA;411;LIBORINA;6/07/20
05425;05;ANTIOQUIA;425;MACEO;20/05/20
05440;05;ANTIOQUIA;440;MARINILLA;16/05/20
05467;05;ANTIOQUIA;467;MONTEBELLO;19/03/20
05475;05;ANTIOQUIA;475;MURINDÓ;10/06/20
05480;05;ANTIOQUIA;480;MUTATÁ;19/06/20
05490;05;ANTIOQUIA;490;NECOCLÍ;12/06/20
05495;05;ANTIOQUIA;495;NECHÍ;4/05/20
05501;05;ANTIOQUIA;501;OLAYA;5/07/20
05541;05;ANTIOQUIA;541;PEÑOL;9/07/20
05543;05;ANTIOQUIA;543;PEQUE;3/07/20
05579;05;ANTIOQUIA;579;PUERTO BERRÍO;24/06/20
05585;05;ANTIOQUIA;585;PUERTO NARE;27/06/20
05591;05;ANTIOQUIA;591;PUERTO TRIUNFO;20/06/20
05604;05;ANTIOQUIA;604;REMEDIOS;19/06/20
05607;05;ANTIOQUIA;607;RETIRO;7/03/20
05615;05;ANTIOQUIA;615;RIONEGRO;9/03/20
05628;05;ANTIOQUIA;628;SABANALARGA;8/07/20
05631;05;ANTIOQUIA;631;SABANETA;14/03/20
05642;05;ANTIOQUIA;642;SALGAR;29/05/20
05647;05;ANTIOQUIA;647;SAN ANDRÉS DE CUERQUÍA;25/07/20
05649;05;ANTIOQUIA;649;SAN CARLOS;24/06/20
05652;05;ANTIOQUIA;652;SAN FRANCISCO;22/03/20
05656;05;ANTIOQUIA;656;SAN JERÓNIMO;6/07/20
05658;05;ANTIOQUIA;658;SAN JOSÉ LA MONTAÑA;29/06/20
05659;05;ANTIOQUIA;659;SAN JUAN DE URABÁ;1/06/20
05660;05;ANTIOQUIA;660;SAN LUIS;30/06/20
05664;05;ANTIOQUIA;664;SAN PEDRO LOS MILAGROS;27/06/20
05665;05;ANTIOQUIA;665;SAN PEDRO DE URABÁ;11/04/20
05667;05;ANTIOQUIA;667;SAN RAFAEL;30/06/20
05670;05;ANTIOQUIA;670;SAN ROQUE;29/05/20
05674;05;ANTIOQUIA;674;SAN VICENTE FERRER;26/06/20
05679;05;ANTIOQUIA;679;SANTA BÁRBARA;21/06/20
05686;05;ANTIOQUIA;686;SANTA ROSA DE OSOS;16/03/20
05690;05;ANTIOQUIA;690;SANTO DOMINGO;24/06/20
05697;05;ANTIOQUIA;697;EL SANTUARIO;25/03/20
05736;05;ANTIOQUIA;736;SEGOVIA;20/06/20
05756;05;ANTIOQUIA;756;SONSÓN;3/04/20
05761;05;ANTIOQUIA;761;SOPETRÁN;24/06/20
05789;05;ANTIOQUIA;789;TÁMESIS;22/05/20
05790;05;ANTIOQUIA;790;TARAZÁ;20/05/20
05792;05;ANTIOQUIA;792;TARSO;9/07/20
05809;05;ANTIOQUIA;809;TITIRIBÍ;2/07/20
05819;05;ANTIOQUIA;819;TOLEDO;11/07/20
05837;05;ANTIOQUIA;837;TURBO;9/05/20
05842;05;ANTIOQUIA;842;URAMITA;5/07/20
05847;05;ANTIOQUIA;847;URRAO;24/06/20
05854;05;ANTIOQUIA;854;VALDIVIA;18/05/20
05856;05;ANTIOQUIA;856;VALPARAÍSO;26/06/20
05858;05;ANTIOQUIA;858;VEGACHÍ;13/08/20
05861;05;ANTIOQUIA;861;VENECIA;22/06/20
05873;05;ANTIOQUIA;873;VIGÍA DEL FUERTE;30/05/20
05885;05;ANTIOQUIA;885;YALÍ;29/08/20
05887;05;ANTIOQUIA;887;YARUMAL;1/06/20
05890;05;ANTIOQUIA;890;YOLOMBÓ;20/05/20
05893;05;ANTIOQUIA;893;YONDÓ;21/07/20
05895;05;ANTIOQUIA;895;ZARAGOZA;23/06/20
81001;81;ARAUCA;001;ARAUCA;24/04/20
81065;81;ARAUCA;065;ARAUQUITA;30/05/20
81300;81;ARAUCA;300;FORTUL;20/07/20
81736;81;ARAUCA;736;SARAVENA;17/05/20
81794;81;ARAUCA;794;TAME;28/05/20
88001;88;ARCHIPIÉLAGO DE SAN ANDRÉS, PROVIDENCIA Y SANTA CATALINA;001;SAN ANDRÉS;22/03/20
88564;88;ARCHIPIÉLAGO DE SAN ANDRÉS, PROVIDENCIA Y SANTA CATALINA;564;PROVIDENCIA;6/05/20
08078;08;ATLÁNTICO;078;BARANOA;4/04/20
08137;08;ATLÁNTICO;137;CAMPO DE LA CRUZ;4/05/20
08141;08;ATLÁNTICO;141;CANDELARIA;4/05/20
08296;08;ATLÁNTICO;296;GALAPA;17/03/20
08372;08;ATLÁNTICO;372;JUAN DE ACOSTA;1/05/20
08421;08;ATLÁNTICO;421;LURUACO;1/05/20
08433;08;ATLÁNTICO;433;MALAMBO;2/04/20
08436;08;ATLÁNTICO;436;MANATÍ;16/04/20
08520;08;ATLÁNTICO;520;PALMAR DE VARELA;13/04/20
08549;08;ATLÁNTICO;549;PIOJÓ;14/05/20
08558;08;ATLÁNTICO;558;POLONUEVO;19/03/20
08560;08;ATLÁNTICO;560;PONEDERA;21/03/20
08573;08;ATLÁNTICO;573;PUERTO COLOMBIA;15/03/20
08606;08;ATLÁNTICO;606;REPELÓN;27/04/20
08634;08;ATLÁNTICO;634;SABANAGRANDE;3/03/20
08638;08;ATLÁNTICO;638;SABANALARGA;19/04/20
08675;08;ATLÁNTICO;675;SANTA LUCÍA;22/04/20
08685;08;ATLÁNTICO;685;SANTO TOMÁS;13/03/20
08758;08;ATLÁNTICO;758;SOLEDAD;15/03/20
08770;08;ATLÁNTICO;770;SUAN;26/05/20
08832;08;ATLÁNTICO;832;TUBARÁ;10/05/20
08849;08;ATLÁNTICO;849;USIACURÍ;7/05/20
08001;08;BARRANQUILLA D.E.;001;BARRANQUILLA;6/03/20
11001;11;BOGOTÁ, D.C.;001;BOGOTÁ, D.C.;27/02/20
13006;13;BOLÍVAR;006;ACHÍ;15/06/20
13030;13;BOLÍVAR;030;ALTOS DEL ROSARIO;12/07/20
13042;13;BOLÍVAR;042;ARENAL;27/04/20
13052;13;BOLÍVAR;052;ARJONA;19/03/20
13062;13;BOLÍVAR;062;ARROYOHONDO;17/06/20
13074;13;BOLÍVAR;074;BARRANCO DE LOBA;12/03/20
13140;13;BOLÍVAR;140;CALAMAR;8/04/20
13160;13;BOLÍVAR;160;CANTAGALLO;3/07/20
13188;13;BOLÍVAR;188;CICUCO;7/06/20
13212;13;BOLÍVAR;212;CÓRDOBA;26/06/20
13222;13;BOLÍVAR;222;CLEMENCIA;7/05/20
13244;13;BOLÍVAR;244;EL CARMEN DE BOLÍVAR;24/05/20
13248;13;BOLÍVAR;248;EL GUAMO;24/07/20
13268;13;BOLÍVAR;268;EL PEÑÓN;13/07/20
13300;13;BOLÍVAR;300;HATILLO DE LOBA;24/06/20
13430;13;BOLÍVAR;430;MAGANGUÉ;30/04/20
13433;13;BOLÍVAR;433;MAHATES;19/05/20
13440;13;BOLÍVAR;440;MARGARITA;14/07/20
13442;13;BOLÍVAR;442;MARÍA LA BAJA;24/04/20
13458;13;BOLÍVAR;458;MONTECRISTO;18/06/20
13468;13;BOLÍVAR;468;MOMPÓS;15/05/20
13473;13;BOLÍVAR;473;MORALES;17/06/20
13490;13;BOLÍVAR;490;NOROSÍ;30/06/20
13549;13;BOLÍVAR;549;PINILLOS;2/06/20
13580;13;BOLÍVAR;580;REGIDOR;15/07/20
13600;13;BOLÍVAR;600;RÍO VIEJO;25/07/20
13620;13;BOLÍVAR;620;SAN CRISTÓBAL;5/04/20
13647;13;BOLÍVAR;647;SAN ESTANISLAO;10/06/20
13650;13;BOLÍVAR;650;SAN FERNANDO;15/08/20
13654;13;BOLÍVAR;654;SAN JACINTO;12/06/20
13655;13;BOLÍVAR;655;SAN JACINTO DEL CAUCA;6/07/20
13657;13;BOLÍVAR;657;SAN JUAN NEPOMUCENO;23/05/20
13667;13;BOLÍVAR;667;SAN MARTÍN DE LOBA;21/07/20
13670;13;BOLÍVAR;670;SAN PABLO;21/05/20
13673;13;BOLÍVAR;673;SANTA CATALINA;11/05/20
13683;13;BOLÍVAR;683;SANTA ROSA;17/04/20
13688;13;BOLÍVAR;688;SANTA ROSA DEL SUR;22/05/20
13744;13;BOLÍVAR;744;SIMITÍ;10/08/20
13760;13;BOLÍVAR;760;SOPLAVIENTO;13/06/20
13780;13;BOLÍVAR;780;TALAIGUA NUEVO;2/07/20
13810;13;BOLÍVAR;810;TIQUISIO;1/06/20
13836;13;BOLÍVAR;836;TURBACO;15/03/20
13838;13;BOLÍVAR;838;TURBANÁ;24/04/20
13873;13;BOLÍVAR;873;VILLANUEVA;10/04/20
13894;13;BOLÍVAR;894;ZAMBRANO;17/06/20
15001;15;BOYACÁ;001;TUNJA;18/03/20
15047;15;BOYACÁ;047;AQUITANIA;10/04/20
15051;15;BOYACÁ;051;ARCABUCO;8/07/20
15087;15;BOYACÁ;087;BELÉN;10/07/20
15097;15;BOYACÁ;097;BOAVITA;12/08/20
15104;15;BOYACÁ;104;BOYACÁ;12/08/20
15106;15;BOYACÁ;106;BRICEÑO;21/07/20
15109;15;BOYACÁ;109;BUENAVISTA;26/05/20
15131;15;BOYACÁ;131;CALDAS;22/04/20
15162;15;BOYACÁ;162;CERINZA;12/08/20
15176;15;BOYACÁ;176;CHIQUINQUIRÁ;20/04/20
15180;15;BOYACÁ;180;CHISCAS;3/08/20
15183;15;BOYACÁ;183;CHITA;6/08/20
15185;15;BOYACÁ;185;CHITARAQUE;8/08/20
15187;15;BOYACÁ;187;CHIVATÁ;12/08/20
15189;15;BOYACÁ;189;CIÉNEGA;31/07/20
15204;15;BOYACÁ;204;CÓMBITA;1/05/20
15212;15;BOYACÁ;212;COPER;17/05/20
15215;15;BOYACÁ;215;CORRALES;22/05/20
15218;15;BOYACÁ;218;COVARACHÍA;24/06/20
15223;15;BOYACÁ;223;CUBARÁ;23/04/20
15224;15;BOYACÁ;224;CUCAITA;5/05/20
15226;15;BOYACÁ;226;CUÍTIVA;23/07/20
15232;15;BOYACÁ;232;CHÍQUIZA;20/07/20
15238;15;BOYACÁ;238;DUITAMA;20/04/20
15244;15;BOYACÁ;244;EL COCUY;7/08/20
15248;15;BOYACÁ;248;EL ESPINO;6/08/20
15272;15;BOYACÁ;272;FIRAVITOBA;27/05/20
15293;15;BOYACÁ;293;GACHANTIVÁ;11/08/20
15296;15;BOYACÁ;296;GÁMEZA;31/07/20
15299;15;BOYACÁ;299;GARAGOA;22/03/20
15317;15;BOYACÁ;317;GUACAMAYAS;4/08/20
15322;15;BOYACÁ;322;GUATEQUE;12/05/20
15325;15;BOYACÁ;325;GUAYATÁ;5/06/20
15362;15;BOYACÁ;362;IZA;21/07/20
15367;15;BOYACÁ;367;JENESANO;11/08/20
15368;15;BOYACÁ;368;JERICÓ;11/08/20
15380;15;BOYACÁ;380;LA CAPILLA;29/08/20
15403;15;BOYACÁ;403;LA UVITA;13/07/20
15407;15;BOYACÁ;407;VILLA DE LEYVA;23/04/20
15425;15;BOYACÁ;425;MACANAL;23/08/20
15442;15;BOYACÁ;442;MARIPÍ;28/06/20
15455;15;BOYACÁ;455;MIRAFLORES;5/05/20
15464;15;BOYACÁ;464;MONGUA;28/08/20
15466;15;BOYACÁ;466;MONGUÍ;10/07/20
15469;15;BOYACÁ;469;MONIQUIRÁ;20/04/20
15476;15;BOYACÁ;476;MOTAVITA;24/07/20
15480;15;BOYACÁ;480;MUZO;30/04/20
15491;15;BOYACÁ;491;NOBSA;23/06/20
15494;15;BOYACÁ;494;NUEVO COLÓN;17/05/20
15500;15;BOYACÁ;500;OICATÁ;25/03/20
15507;15;BOYACÁ;507;OTANCHE;5/08/20
15511;15;BOYACÁ;511;PACHAVITA;25/07/20
15516;15;BOYACÁ;516;PAIPA;19/04/20
15518;15;BOYACÁ;518;PAJARITO;5/08/20
15522;15;BOYACÁ;522;PANQUEBA;7/08/20
15531;15;BOYACÁ;531;PAUNA;17/05/20
15533;15;BOYACÁ;533;PAYA;14/05/20
15537;15;BOYACÁ;537;PAZ DE RÍO;2/08/20
15542;15;BOYACÁ;542;PESCA;27/07/20
15572;15;BOYACÁ;572;PUERTO BOYACÁ;22/06/20
15580;15;BOYACÁ;580;QUÍPAMA;26/07/20
15599;15;BOYACÁ;599;RAMIRIQUÍ;19/06/20
15600;15;BOYACÁ;600;RÁQUIRA;4/08/20
15632;15;BOYACÁ;632;SABOYÁ;13/07/20
15638;15;BOYACÁ;638;SÁCHICA;15/09/20
15646;15;BOYACÁ;646;SAMACÁ;23/04/20
15664;15;BOYACÁ;664;SAN JOSÉ DE PARE;31/07/20
15667;15;BOYACÁ;667;SAN LUIS DE GACENO;13/08/20
15676;15;BOYACÁ;676;SAN MIGUEL DE SEMA;13/05/20
15681;15;BOYACÁ;681;SAN PABLO DE BORBUR;26/07/20
15686;15;BOYACÁ;686;SANTANA;13/03/20
15690;15;BOYACÁ;690;SANTA MARÍA;3/08/20
15693;15;BOYACÁ;693;SANTA ROSA DE VITERBO;4/05/20
15696;15;BOYACÁ;696;SANTA SOFÍA;28/03/20
15720;15;BOYACÁ;720;SATIVANORTE;2/08/20
15723;15;BOYACÁ;723;SATIVASUR;1/08/20
15740;15;BOYACÁ;740;SIACHOQUE;25/06/20
15753;15;BOYACÁ;753;SOATÁ;5/07/20
15757;15;BOYACÁ;757;SOCHA;23/03/20
15759;15;BOYACÁ;759;SOGAMOSO;25/03/20
15763;15;BOYACÁ;763;SOTAQUIRÁ;30/07/20
15764;15;BOYACÁ;764;SORACÁ;30/06/20
15774;15;BOYACÁ;774;SUSACÓN;13/06/20
15776;15;BOYACÁ;776;SUTAMARCHÁN;10/05/20
15790;15;BOYACÁ;790;TASCO;19/05/20
15798;15;BOYACÁ;798;TENZA;29/03/20
15804;15;BOYACÁ;804;TIBANÁ;26/06/20
15806;15;BOYACÁ;806;TIBASOSA;2/07/20
15808;15;BOYACÁ;808;TINJACÁ;7/05/20
15810;15;BOYACÁ;810;TIPACOQUE;11/05/20
15814;15;BOYACÁ;814;TOCA;26/05/20
15816;15;BOYACÁ;816;TOGÜÍ;21/03/20
15820;15;BOYACÁ;820;TÓPAGA;5/08/20
15822;15;BOYACÁ;822;TOTA;6/08/20
15832;15;BOYACÁ;832;TUNUNGUÁ;26/08/20
15835;15;BOYACÁ;835;TURMEQUÉ;27/04/20
15837;15;BOYACÁ;837;TUTA;24/06/20
15842;15;BOYACÁ;842;ÚMBITA;22/07/20
15861;15;BOYACÁ;861;VENTAQUEMADA;7/05/20
15879;15;BOYACÁ;879;VIRACACHÁ;8/05/20
15897;15;BOYACÁ;897;ZETAQUIRA;25/07/20
76109;76;BUENAVENTURA D.E.;109;BUENAVENTURA;23/03/20
17001;17;CALDAS;001;MANIZALES;12/03/20
17013;17;CALDAS;013;AGUADAS;1/05/20
17042;17;CALDAS;042;ANSERMA;27/03/20
17050;17;CALDAS;050;ARANZAZU;13/06/20
17088;17;CALDAS;088;BELALCÁZAR;17/07/20
17174;17;CALDAS;174;CHINCHINÁ;14/03/20
17272;17;CALDAS;272;FILADELFIA;21/08/20
17380;17;CALDAS;380;LA DORADA;13/03/20
17388;17;CALDAS;388;LA MERCED;26/07/20
17433;17;CALDAS;433;MANZANARES;3/05/20
17442;17;CALDAS;442;MARMATO;22/04/20
17444;17;CALDAS;444;MARQUETALIA;27/04/20
17446;17;CALDAS;446;MARULANDA;2/09/20
17486;17;CALDAS;486;NEIRA;24/05/20
17495;17;CALDAS;495;NORCASIA;25/04/20
17513;17;CALDAS;513;PÁCORA;6/07/20
17524;17;CALDAS;524;PALESTINA;7/07/20
17541;17;CALDAS;541;PENSILVANIA;19/07/20
17614;17;CALDAS;614;RIOSUCIO;1/05/20
17616;17;CALDAS;616;RISARALDA;20/04/20
17653;17;CALDAS;653;SALAMINA;15/07/20
17662;17;CALDAS;662;SAMANÁ;20/04/20
17665;17;CALDAS;665;SAN JOSÉ;21/08/20
17777;17;CALDAS;777;SUPÍA;28/05/20
17867;17;CALDAS;867;VICTORIA;20/07/20
17873;17;CALDAS;873;VILLAMARÍA;14/03/20
17877;17;CALDAS;877;VITERBO;15/03/20
18001;18;CAQUETÁ;001;FLORENCIA;25/03/20
18029;18;CAQUETÁ;029;ALBANIA;21/06/20
18094;18;CAQUETÁ;094;BELÉN DE LOS ANDAQUÍES;1/07/20
18150;18;CAQUETÁ;150;CARTAGENA DEL CHAIRÁ;26/06/20
18205;18;CAQUETÁ;205;CURILLO;16/07/20
18247;18;CAQUETÁ;247;EL DONCELLO;26/06/20
18256;18;CAQUETÁ;256;EL PAUJÍL;1/07/20
18410;18;CAQUETÁ;410;LA MONTAÑITA;5/07/20
18460;18;CAQUETÁ;460;MILÁN;17/07/20
18479;18;CAQUETÁ;479;MORELIA;13/07/20
18592;18;CAQUETÁ;592;PUERTO RICO;24/06/20
18610;18;CAQUETÁ;610;SAN JOSÉ DEL FRAGUA;27/06/20
18753;18;CAQUETÁ;753;SAN VICENTE DEL CAGUÁN;22/04/20
18756;18;CAQUETÁ;756;SOLANO;13/07/20
18785;18;CAQUETÁ;785;SOLITA;17/06/20
18860;18;CAQUETÁ;860;VALPARAÍSO;8/07/20
13001;13;CARTAGENA D.T. Y C.;001;CARTAGENA DE INDIAS;1/03/20
85001;85;CASANARE;001;YOPAL;17/03/20
85010;85;CASANARE;010;AGUAZUL;9/06/20
85125;85;CASANARE;125;HATO COROZAL;19/07/20
85139;85;CASANARE;139;MANÍ;8/06/20
85162;85;CASANARE;162;MONTERREY;6/07/20
85230;85;CASANARE;230;OROCUÉ;23/06/20
85250;85;CASANARE;250;PAZ DE ARIPORO;20/04/20
85263;85;CASANARE;263;PORE;15/06/20
85279;85;CASANARE;279;RECETOR;20/08/20
85315;85;CASANARE;315;SÁCAMA;12/09/20
85325;85;CASANARE;325;SAN LUIS DE PALENQUE;30/07/20
85410;85;CASANARE;410;TAURAMENA;8/05/20
85430;85;CASANARE;430;TRINIDAD;17/07/20
85440;85;CASANARE;440;VILLANUEVA;4/05/20
19001;19;CAUCA;001;POPAYÁN;9/03/20
19050;19;CAUCA;050;ARGELIA;15/06/20
19075;19;CAUCA;075;BALBOA;9/06/20
19100;19;CAUCA;100;BOLÍVAR;4/08/20
19110;19;CAUCA;110;BUENOS AIRES;5/05/20
19130;19;CAUCA;130;CAJIBÍO;6/06/20
19137;19;CAUCA;137;CALDONO;9/06/20
19142;19;CAUCA;142;CALOTO;24/04/20
19212;19;CAUCA;212;CORINTO;18/06/20
19256;19;CAUCA;256;EL TAMBO;1/04/20
19290;19;CAUCA;290;FLORENCIA;19/07/20
19300;19;CAUCA;300;GUACHENÉ;28/03/20
19318;19;CAUCA;318;GUAPÍ;25/05/20
19355;19;CAUCA;355;INZÁ;22/07/20
19364;19;CAUCA;364;JAMBALÓ;18/07/20
19392;19;CAUCA;392;LA SIERRA;5/07/20
19397;19;CAUCA;397;LA VEGA;2/08/20
19418;19;CAUCA;418;LÓPEZ DE MICAY;20/04/20
19450;19;CAUCA;450;MERCADERES;11/06/20
19455;19;CAUCA;455;MIRANDA;25/03/20
19473;19;CAUCA;473;MORALES;28/06/20
19513;19;CAUCA;513;PADILLA;5/06/20
19517;19;CAUCA;517;PÁEZ;9/07/20
19532;19;CAUCA;532;PATÍA;17/05/20
19533;19;CAUCA;533;PIAMONTE;22/08/20
19548;19;CAUCA;548;PIENDAMÓ;20/04/20
19573;19;CAUCA;573;PUERTO TEJADA;1/04/20
19585;19;CAUCA;585;PURACÉ;28/07/20
19622;19;CAUCA;622;ROSAS;22/06/20
19698;19;CAUCA;698;SANTANDER DE QUILICHAO;21/03/20
19701;19;CAUCA;701;SANTA ROSA;22/07/20
19743;19;CAUCA;743;SILVIA;27/05/20
19760;19;CAUCA;760;SOTARA;24/07/20
19780;19;CAUCA;780;SUÁREZ;29/06/20
19785;19;CAUCA;785;SUCRE;23/07/20
19807;19;CAUCA;807;TIMBÍO;28/03/20
19809;19;CAUCA;809;TIMBIQUÍ;1/05/20
19821;19;CAUCA;821;TORIBÍO;10/07/20
19824;19;CAUCA;824;TOTORÓ;30/04/20
19845;19;CAUCA;845;VILLA RICA;18/04/20
20001;20;CESAR;001;VALLEDUPAR;14/03/20
20011;20;CESAR;011;AGUACHICA;5/04/20
20013;20;CESAR;013;AGUSTÍN CODAZZI;8/04/20
20032;20;CESAR;032;ASTREA;12/06/20
20045;20;CESAR;045;BECERRIL;18/05/20
20060;20;CESAR;060;BOSCONIA;11/04/20
20175;20;CESAR;175;CHIMICHAGUA;8/06/20
20178;20;CESAR;178;CHIRIGUANÁ;23/04/20
20228;20;CESAR;228;CURUMANÍ;25/05/20
20238;20;CESAR;238;EL COPEY;21/05/20
20250;20;CESAR;250;EL PASO;12/05/20
20295;20;CESAR;295;GAMARRA;5/06/20
20310;20;CESAR;310;GONZÁLEZ;11/05/20
20383;20;CESAR;383;LA GLORIA;4/06/20
20400;20;CESAR;400;LA JAGUA DE IBIRICO;17/04/20
20443;20;CESAR;443;MANAURE BALCÓN DEL CESAR;8/06/20
20517;20;CESAR;517;PAILITAS;31/05/20
20550;20;CESAR;550;PELAYA;31/05/20
20570;20;CESAR;570;PUEBLO BELLO;25/05/20
20614;20;CESAR;614;RÍO DE ORO;14/04/20
20621;20;CESAR;621;LA PAZ;11/04/20
20710;20;CESAR;710;SAN ALBERTO;5/06/20
20750;20;CESAR;750;SAN DIEGO;19/03/20
20770;20;CESAR;770;SAN MARTÍN;2/04/20
20787;20;CESAR;787;TAMALAMEQUE;3/06/20
27001;27;CHOCÓ;001;QUIBDÓ;23/03/20
27006;27;CHOCÓ;006;ACANDÍ;22/06/20
27025;27;CHOCÓ;025;ALTO BAUDÓ;26/05/20
27050;27;CHOCÓ;050;ATRATO;1/05/20
27073;27;CHOCÓ;073;BAGADÓ;12/05/20
27075;27;CHOCÓ;075;BAHÍA SOLANO;2/05/20
27077;27;CHOCÓ;077;BAJO BAUDÓ;13/06/20
27099;27;CHOCÓ;099;BOJAYÁ;5/05/20
27135;27;CHOCÓ;135;EL CANTÓN SAN PABLO;30/05/20
27150;27;CHOCÓ;150;CARMEN DEL DARIÉN;25/06/20
27160;27;CHOCÓ;160;CÉRTEGUI;17/05/20
27205;27;CHOCÓ;205;CONDOTO;20/05/20
27245;27;CHOCÓ;245;EL CARMEN DE ATRATO;1/06/20
27250;27;CHOCÓ;250;EL LITORAL SAN JUAN;1/08/20
27361;27;CHOCÓ;361;ISTMINA;3/05/20
27413;27;CHOCÓ;413;LLORÓ;1/06/20
27430;27;CHOCÓ;430;MEDIO BAUDÓ;2/05/20
27450;27;CHOCÓ;450;MEDIO SAN JUAN;16/06/20
27491;27;CHOCÓ;491;NÓVITA;23/06/20
27495;27;CHOCÓ;495;NUQUÍ;2/07/20
27580;27;CHOCÓ;580;RÍO IRÓ;2/05/20
27600;27;CHOCÓ;600;RÍO QUITO;8/05/20
27615;27;CHOCÓ;615;RIOSUCIO;14/06/20
27787;27;CHOCÓ;787;TADÓ;8/05/20
27800;27;CHOCÓ;800;UNGUÍA;18/05/20
27810;27;CHOCÓ;810;UNIÓN PANAMERICANA;1/04/20
23001;23;CÓRDOBA;001;MONTERÍA;15/03/20
23068;23;CÓRDOBA;068;AYAPEL;6/04/20
23079;23;CÓRDOBA;079;BUENAVISTA;30/05/20
23090;23;CÓRDOBA;090;CANALETE;23/04/20
23162;23;CÓRDOBA;162;CERETÉ;28/03/20
23168;23;CÓRDOBA;168;CHIMÁ;18/05/20
23182;23;CÓRDOBA;182;CHINÚ;14/05/20
23189;23;CÓRDOBA;189;CIÉNAGA DE ORO;29/03/20
23300;23;CÓRDOBA;300;COTORRA;29/05/20
23350;23;CÓRDOBA;350;LA APARTADA;27/06/20
23417;23;CÓRDOBA;417;LORICA;12/04/20
23419;23;CÓRDOBA;419;LOS CÓRDOBAS;12/05/20
23464;23;CÓRDOBA;464;MOMIL;22/06/20
23466;23;CÓRDOBA;466;MONTELÍBANO;4/05/20
23500;23;CÓRDOBA;500;MOÑITOS;10/06/20
23555;23;CÓRDOBA;555;PLANETA RICA;2/05/20
23570;23;CÓRDOBA;570;PUEBLO NUEVO;12/04/20
23574;23;CÓRDOBA;574;PUERTO ESCONDIDO;31/05/20
23580;23;CÓRDOBA;580;PUERTO LIBERTADOR;4/06/20
23586;23;CÓRDOBA;586;PURÍSIMA DE LA CONCEPCIÓN;31/05/20
23660;23;CÓRDOBA;660;SAHAGÚN;26/03/20
23670;23;CÓRDOBA;670;SAN ANDRÉS DE SOTAVENTO;8/06/20
23672;23;CÓRDOBA;672;SAN ANTERO;15/06/20
23675;23;CÓRDOBA;675;SAN BERNARDO DEL VIENTO;21/05/20
23678;23;CÓRDOBA;678;SAN CARLOS;5/06/20
23682;23;CÓRDOBA;682;SAN JOSÉ DE URÉ;2/06/20
23686;23;CÓRDOBA;686;SAN PELAYO;10/06/20
23807;23;CÓRDOBA;807;TIERRALTA;30/03/20
23815;23;CÓRDOBA;815;TUCHÍN;26/05/20
23855;23;CÓRDOBA;855;VALENCIA;30/05/20
25001;25;CUNDINAMARCA;001;AGUA DE DIOS;18/05/20
25019;25;CUNDINAMARCA;019;ALBÁN;30/05/20
25035;25;CUNDINAMARCA;035;ANAPOIMA;11/03/20
25040;25;CUNDINAMARCA;040;ANOLAIMA;20/05/20
25053;25;CUNDINAMARCA;053;ARBELÁEZ;7/07/20
25086;25;CUNDINAMARCA;086;BELTRÁN;10/06/20
25095;25;CUNDINAMARCA;095;BITUIMA;30/06/20
25099;25;CUNDINAMARCA;099;BOJACÁ;8/06/20
25120;25;CUNDINAMARCA;120;CABRERA;26/05/20
25123;25;CUNDINAMARCA;123;CACHIPAY;30/05/20
25126;25;CUNDINAMARCA;126;CAJICÁ;8/03/20
25148;25;CUNDINAMARCA;148;CAPARRAPÍ;14/08/20
25151;25;CUNDINAMARCA;151;CÁQUEZA;30/04/20
25154;25;CUNDINAMARCA;154;CARMEN DE CARUPA;22/06/20
25175;25;CUNDINAMARCA;175;CHÍA;10/03/20
25178;25;CUNDINAMARCA;178;CHIPAQUE;29/04/20
25181;25;CUNDINAMARCA;181;CHOACHÍ;25/03/20
25183;25;CUNDINAMARCA;183;CHOCONTÁ;10/05/20
25200;25;CUNDINAMARCA;200;COGUA;28/03/20
25214;25;CUNDINAMARCA;214;COTA;14/03/20
25224;25;CUNDINAMARCA;224;CUCUNUBÁ;6/06/20
25245;25;CUNDINAMARCA;245;EL COLEGIO;3/04/20
25258;25;CUNDINAMARCA;258;EL PEÑÓN;3/05/20
25260;25;CUNDINAMARCA;260;EL ROSAL;28/05/20
25269;25;CUNDINAMARCA;269;FACATATIVÁ;20/03/20
25279;25;CUNDINAMARCA;279;FÓMEQUE;29/04/20
25281;25;CUNDINAMARCA;281;FOSCA;10/07/20
25286;25;CUNDINAMARCA;286;FUNZA;20/03/20
25288;25;CUNDINAMARCA;288;FÚQUENE;28/06/20
25290;25;CUNDINAMARCA;290;FUSAGASUGÁ;17/03/20
25293;25;CUNDINAMARCA;293;GACHALÁ;3/07/20
25295;25;CUNDINAMARCA;295;GACHANCIPÁ;3/05/20
25297;25;CUNDINAMARCA;297;GACHETÁ;1/07/20
25299;25;CUNDINAMARCA;299;GAMA;27/07/20
25307;25;CUNDINAMARCA;307;GIRARDOT;2/05/20
25312;25;CUNDINAMARCA;312;GRANADA;3/06/20
25317;25;CUNDINAMARCA;317;GUACHETÁ;23/07/20
25320;25;CUNDINAMARCA;320;GUADUAS;31/03/20
25322;25;CUNDINAMARCA;322;GUASCA;15/06/20
25324;25;CUNDINAMARCA;324;GUATAQUÍ;6/06/20
25326;25;CUNDINAMARCA;326;GUATAVITA;31/05/20
25335;25;CUNDINAMARCA;335;GUAYABETAL;1/08/20
25372;25;CUNDINAMARCA;372;JUNÍN;11/05/20
25377;25;CUNDINAMARCA;377;LA CALERA;20/03/20
25386;25;CUNDINAMARCA;386;LA MESA;16/05/20
25394;25;CUNDINAMARCA;394;LA PALMA;21/06/20
25402;25;CUNDINAMARCA;402;LA VEGA;12/06/20
25407;25;CUNDINAMARCA;407;LENGUAZAQUE;14/05/20
25426;25;CUNDINAMARCA;426;MACHETÁ;25/05/20
25430;25;CUNDINAMARCA;430;MADRID;14/03/20
25436;25;CUNDINAMARCA;436;MANTA;17/05/20
25473;25;CUNDINAMARCA;473;MOSQUERA;16/03/20
25483;25;CUNDINAMARCA;483;NARIÑO;20/06/20
25486;25;CUNDINAMARCA;486;NEMOCÓN;12/06/20
25488;25;CUNDINAMARCA;488;NILO;10/05/20
25489;25;CUNDINAMARCA;489;NIMAIMA;8/07/20
25491;25;CUNDINAMARCA;491;NOCAIMA;31/07/20
25506;25;CUNDINAMARCA;506;VENECIA;16/05/20
25513;25;CUNDINAMARCA;513;PACHO;20/03/20
25524;25;CUNDINAMARCA;524;PANDI;9/07/20
25530;25;CUNDINAMARCA;530;PARATEBUENO;3/08/20
25535;25;CUNDINAMARCA;535;PASCA;12/05/20
25572;25;CUNDINAMARCA;572;PUERTO SALGAR;14/05/20
25580;25;CUNDINAMARCA;580;PULÍ;30/08/20
25592;25;CUNDINAMARCA;592;QUEBRADANEGRA;5/07/20
25594;25;CUNDINAMARCA;594;QUETAME;25/06/20
25596;25;CUNDINAMARCA;596;QUIPILE;21/08/20
25599;25;CUNDINAMARCA;599;APULO;26/05/20
25612;25;CUNDINAMARCA;612;RICAURTE;18/05/20
25645;25;CUNDINAMARCA;645;SAN ANTONIO DEL TEQUENDAMA;10/05/20
25649;25;CUNDINAMARCA;649;SAN BERNARDO;11/06/20
25653;25;CUNDINAMARCA;653;SAN CAYETANO;31/08/20
25658;25;CUNDINAMARCA;658;SAN FRANCISCO;11/05/20
25662;25;CUNDINAMARCA;662;SAN JUAN DE RIOSECO;16/03/20
25718;25;CUNDINAMARCA;718;SASAIMA;28/05/20
25736;25;CUNDINAMARCA;736;SESQUILÉ;18/05/20
25740;25;CUNDINAMARCA;740;SIBATÉ;18/04/20
25743;25;CUNDINAMARCA;743;SILVANIA;28/04/20
25745;25;CUNDINAMARCA;745;SIMIJACA;5/06/20
25754;25;CUNDINAMARCA;754;SOACHA;11/03/20
25758;25;CUNDINAMARCA;758;SOPÓ;17/03/20
25769;25;CUNDINAMARCA;769;SUBACHOQUE;12/03/20
25772;25;CUNDINAMARCA;772;SUESCA;29/03/20
25777;25;CUNDINAMARCA;777;SUPATÁ;3/08/20
25779;25;CUNDINAMARCA;779;SUSA;31/08/20
25781;25;CUNDINAMARCA;781;SUTATAUSA;24/07/20
25785;25;CUNDINAMARCA;785;TABIO;5/05/20
25793;25;CUNDINAMARCA;793;TAUSA;1/07/20
25797;25;CUNDINAMARCA;797;TENA;15/05/20
25799;25;CUNDINAMARCA;799;TENJO;30/03/20
25805;25;CUNDINAMARCA;805;TIBACUY;7/09/20
25815;25;CUNDINAMARCA;815;TOCAIMA;30/05/20
25817;25;CUNDINAMARCA;817;TOCANCIPÁ;14/03/20
25839;25;CUNDINAMARCA;839;UBALÁ;18/06/20
25841;25;CUNDINAMARCA;841;UBAQUE;20/05/20
25843;25;CUNDINAMARCA;843;VILLA DE DE UBATÉ;28/03/20
25845;25;CUNDINAMARCA;845;UNE;26/04/20
25851;25;CUNDINAMARCA;851;ÚTICA;14/07/20
25862;25;CUNDINAMARCA;862;VERGARA;25/07/20
25867;25;CUNDINAMARCA;867;VIANÍ;29/05/20
25873;25;CUNDINAMARCA;873;VILLAPINZÓN;15/03/20
25875;25;CUNDINAMARCA;875;VILLETA;17/03/20
25878;25;CUNDINAMARCA;878;VIOTÁ;22/05/20
25885;25;CUNDINAMARCA;885;YACOPÍ;14/05/20
25898;25;CUNDINAMARCA;898;ZIPACÓN;10/05/20
25899;25;CUNDINAMARCA;899;ZIPAQUIRÁ;10/03/20
94001;94;GUAINÍA;001;INÍRIDA;18/05/20
94663;94;GUAINÍA;663;MAPIRIPANA;17/06/20
94883;94;GUAINÍA;883;SAN FELIPE;12/06/20
94884;94;GUAINÍA;884;PUERTO COLOMBIA;17/06/20
95001;95;GUAVIARE;001;SAN JOSÉ DEL GUAVIARE;1/06/20
95015;95;GUAVIARE;015;CALAMAR;27/07/20
95025;95;GUAVIARE;025;EL RETORNO;8/08/20
95200;95;GUAVIARE;200;MIRAFLORES;12/07/20
41001;41;HUILA;001;NEIVA;6/03/20
41006;41;HUILA;006;ACEVEDO;13/04/20
41013;41;HUILA;013;AGRADO;26/03/20
41016;41;HUILA;016;AIPE;13/04/20
41020;41;HUILA;020;ALGECIRAS;23/04/20
41026;41;HUILA;026;ALTAMIRA;8/07/20
41078;41;HUILA;078;BARAYA;10/07/20
41132;41;HUILA;132;CAMPOALEGRE;8/05/20
41206;41;HUILA;206;COLOMBIA;14/07/20
41244;41;HUILA;244;ELÍAS;22/07/20
41298;41;HUILA;298;GARZÓN;19/03/20
41306;41;HUILA;306;GIGANTE;30/03/20
41319;41;HUILA;319;GUADALUPE;13/07/20
41349;41;HUILA;349;HOBO;10/07/20
41357;41;HUILA;357;ÍQUIRA;20/07/20
41359;41;HUILA;359;ISNOS;11/04/20
41378;41;HUILA;378;LA ARGENTINA;8/07/20
41396;41;HUILA;396;LA PLATA;20/04/20
41483;41;HUILA;483;NÁTAGA;30/03/20
41503;41;HUILA;503;OPORAPA;18/04/20
41518;41;HUILA;518;PAICOL;22/04/20
41524;41;HUILA;524;PALERMO;18/03/20
41530;41;HUILA;530;PALESTINA;14/05/20
41548;41;HUILA;548;PITAL;1/07/20
41551;41;HUILA;551;PITALITO;26/03/20
41615;41;HUILA;615;RIVERA;5/03/20
41660;41;HUILA;660;SALADOBLANCO;2/05/20
41668;41;HUILA;668;SAN AGUSTÍN;14/03/20
41676;41;HUILA;676;SANTA MARÍA;26/06/20
41770;41;HUILA;770;SUAZA;8/07/20
41791;41;HUILA;791;TARQUI;8/07/20
41797;41;HUILA;797;TESALIA;7/08/20
41799;41;HUILA;799;TELLO;31/05/20
41801;41;HUILA;801;TERUEL;24/07/20
41807;41;HUILA;807;TIMANÁ;4/04/20
41872;41;HUILA;872;VILLAVIEJA;10/07/20
41885;41;HUILA;885;YAGUARÁ;25/03/20
44001;44;LA GUAJIRA;001;RIOHACHA;14/03/20
44035;44;LA GUAJIRA;035;ALBANIA;23/04/20
44078;44;LA GUAJIRA;078;BARRANCAS;14/05/20
44090;44;LA GUAJIRA;090;DIBULLA;9/05/20
44098;44;LA GUAJIRA;098;DISTRACCIÓN;1/04/20
44110;44;LA GUAJIRA;110;EL MOLINO;29/06/20
44279;44;LA GUAJIRA;279;FONSECA;28/04/20
44378;44;LA GUAJIRA;378;HATONUEVO;19/05/20
44420;44;LA GUAJIRA;420;LA JAGUA DEL PILAR;3/07/20
44430;44;LA GUAJIRA;430;MAICAO;22/04/20
44560;44;LA GUAJIRA;560;MANAURE;30/04/20
44650;44;LA GUAJIRA;650;SAN JUAN DEL CESAR;10/04/20
44847;44;LA GUAJIRA;847;URIBIA;23/05/20
44855;44;LA GUAJIRA;855;URUMITA;30/06/20
44874;44;LA GUAJIRA;874;VILLANUEVA;24/06/20
47030;47;MAGDALENA;030;ALGARROBO;4/07/20
47053;47;MAGDALENA;053;ARACATACA;8/05/20
47058;47;MAGDALENA;058;ARIGUANÍ;25/05/20
47161;47;MAGDALENA;161;CERRO DE SAN ANTONIO;15/05/20
47170;47;MAGDALENA;170;CHIVOLO;28/06/20
47189;47;MAGDALENA;189;CIÉNAGA;21/03/20
47205;47;MAGDALENA;205;CONCORDIA;20/06/20
47245;47;MAGDALENA;245;EL BANCO;8/04/20
47258;47;MAGDALENA;258;EL PIÑÓN;14/05/20
47268;47;MAGDALENA;268;EL RETÉN;5/05/20
47288;47;MAGDALENA;288;FUNDACIÓN;30/04/20
47318;47;MAGDALENA;318;GUAMAL;17/06/20
47460;47;MAGDALENA;460;NUEVA GRANADA;25/06/20
47541;47;MAGDALENA;541;PEDRAZA;23/06/20
47545;47;MAGDALENA;545;PIJIÑO DEL CARMEN;16/06/20
47551;47;MAGDALENA;551;PIVIJAY;6/05/20
47555;47;MAGDALENA;555;PLATO;6/06/20
47570;47;MAGDALENA;570;PUEBLOVIEJO;13/04/20
47605;47;MAGDALENA;605;REMOLINO;8/06/20
47660;47;MAGDALENA;660;SABANAS DE SAN ÁNGEL;24/07/20
47675;47;MAGDALENA;675;SALAMINA;24/07/20
47692;47;MAGDALENA;692;SAN SEBASTIÁN DE BUENAVISTA;3/05/20
47703;47;MAGDALENA;703;SAN ZENÓN;3/07/20
47707;47;MAGDALENA;707;SANTA ANA;8/06/20
47720;47;MAGDALENA;720;SANTA BÁRBARA DE PINTO;26/06/20
47745;47;MAGDALENA;745;SITIONUEVO;3/05/20
47798;47;MAGDALENA;798;TENERIFE;23/07/20
47960;47;MAGDALENA;960;ZAPAYÁN;21/07/20
47980;47;MAGDALENA;980;ZONA BANANERA;26/03/20
50001;50;META;001;VILLAVICENCIO;9/03/20
50006;50;META;006;ACACÍAS;29/03/20
50110;50;META;110;BARRANCA DE UPÍA;24/08/20
50124;50;META;124;CABUYARO;13/05/20
50150;50;META;150;CASTILLA LA NUEVA;26/06/20
50223;50;META;223;SAN LUIS DE CUBARRAL;7/07/20
50226;50;META;226;CUMARAL;19/05/20
50251;50;META;251;EL CASTILLO;2/07/20
50270;50;META;270;EL DORADO;25/08/20
50287;50;META;287;FUENTE DE ORO;18/07/20
50313;50;META;313;GRANADA;14/04/20
50318;50;META;318;GUAMAL;28/07/20
50325;50;META;325;MAPIRIPÁN;3/07/20
50330;50;META;330;MESETAS;25/06/20
50350;50;META;350;LA MACARENA;28/07/20
50370;50;META;370;URIBE;16/08/20
50400;50;META;400;LEJANÍAS;8/08/20
50450;50;META;450;PUERTO CONCORDIA;9/08/20
50568;50;META;568;PUERTO GAITÁN;7/05/20
50573;50;META;573;PUERTO LÓPEZ;3/05/20
50577;50;META;577;PUERTO LLERAS;22/08/20
50590;50;META;590;PUERTO RICO;21/08/20
50606;50;META;606;RESTREPO;25/04/20
50680;50;META;680;SAN CARLOS DE GUAROA;6/05/20
50683;50;META;683;SAN JUAN DE ARAMA;28/04/20
50689;50;META;689;SAN MARTÍN;16/06/20
50711;50;META;711;VISTAHERMOSA;12/08/20
52001;52;NARIÑO;001;PASTO;15/03/20
52019;52;NARIÑO;019;ALBÁN;9/06/20
52022;52;NARIÑO;022;ALDANA;24/05/20
52036;52;NARIÑO;036;ANCUYÁ;23/04/20
52051;52;NARIÑO;051;ARBOLEDA;25/05/20
52079;52;NARIÑO;079;BARBACOAS;20/05/20
52083;52;NARIÑO;083;BELÉN;14/04/20
52110;52;NARIÑO;110;BUESACO;8/07/20
52203;52;NARIÑO;203;COLÓN;30/05/20
52207;52;NARIÑO;207;CONSACÁ;21/06/20
52210;52;NARIÑO;210;CONTADERO;21/03/20
52215;52;NARIÑO;215;CÓRDOBA;20/05/20
52224;52;NARIÑO;224;CUASPÚD;15/04/20
52227;52;NARIÑO;227;CUMBAL;16/03/20
52233;52;NARIÑO;233;CUMBITARA;19/03/20
52240;52;NARIÑO;240;CHACHAGÜÍ;19/05/20
52250;52;NARIÑO;250;EL CHARCO;14/05/20
52254;52;NARIÑO;254;EL PEÑOL;2/06/20
52256;52;NARIÑO;256;EL ROSARIO;21/08/20
52260;52;NARIÑO;260;EL TAMBO;23/05/20
52287;52;NARIÑO;287;FUNES;25/06/20
52317;52;NARIÑO;317;GUACHUCAL;10/04/20
52320;52;NARIÑO;320;GUAITARILLA;22/05/20
52323;52;NARIÑO;323;GUALMATÁN;22/07/20
52352;52;NARIÑO;352;ILES;21/07/20
52354;52;NARIÑO;354;IMUÉS;23/05/20
52356;52;NARIÑO;356;IPIALES;19/03/20
52378;52;NARIÑO;378;LA CRUZ;6/05/20
52381;52;NARIÑO;381;LA FLORIDA;24/04/20
52385;52;NARIÑO;385;LA LLANADA;7/05/20
52390;52;NARIÑO;390;LA TOLA;23/04/20
52399;52;NARIÑO;399;LA UNIÓN;15/03/20
52405;52;NARIÑO;405;LEIVA;30/06/20
52411;52;NARIÑO;411;LINARES;27/04/20
52418;52;NARIÑO;418;LOS ANDES;25/06/20
52427;52;NARIÑO;427;MAGÜÍ;24/04/20
52435;52;NARIÑO;435;MALLAMA;10/05/20
52473;52;NARIÑO;473;MOSQUERA;15/04/20
52480;52;NARIÑO;480;NARIÑO;23/05/20
52490;52;NARIÑO;490;OLAYA HERRERA;15/05/20
52506;52;NARIÑO;506;OSPINA;15/08/20
52520;52;NARIÑO;520;FRANCISCO PIZARRO;8/05/20
52540;52;NARIÑO;540;POLICARPA;10/08/20
52560;52;NARIÑO;560;POTOSÍ;18/04/20
52565;52;NARIÑO;565;PROVIDENCIA;24/08/20
52573;52;NARIÑO;573;PUERRES;18/05/20
52585;52;NARIÑO;585;PUPIALES;22/05/20
52612;52;NARIÑO;612;RICAURTE;25/05/20
52621;52;NARIÑO;621;ROBERTO PAYÁN;22/05/20
52678;52;NARIÑO;678;SAMANIEGO;2/06/20
52683;52;NARIÑO;683;SANDONÁ;27/05/20
52685;52;NARIÑO;685;SAN BERNARDO;13/05/20
52687;52;NARIÑO;687;SAN LORENZO;26/05/20
52693;52;NARIÑO;693;SAN PABLO;10/05/20
52694;52;NARIÑO;694;SAN PEDRO DE CARTAGO;3/07/20
52696;52;NARIÑO;696;SANTA BÁRBARA;5/05/20
52699;52;NARIÑO;699;SANTACRUZ;14/07/20
52720;52;NARIÑO;720;SAPUYES;27/07/20
52786;52;NARIÑO;786;TAMINANGO;29/05/20
52788;52;NARIÑO;788;TANGUA;16/07/20
52835;52;NARIÑO;835;SAN ANDRÉS DE TUMACO;20/03/20
52838;52;NARIÑO;838;TÚQUERRES;12/04/20
52885;52;NARIÑO;885;YACUANQUER;22/05/20
54001;54;NORTE DE SANTANDER;001;CÚCUTA;11/03/20
54003;54;NORTE DE SANTANDER;003;ÁBREGO;23/04/20
54051;54;NORTE DE SANTANDER;051;ARBOLEDAS;4/07/20
54099;54;NORTE DE SANTANDER;099;BOCHALEMA;18/06/20
54109;54;NORTE DE SANTANDER;109;BUCARASICA;23/07/20
54125;54;NORTE DE SANTANDER;125;CÁCOTA;22/04/20
54128;54;NORTE DE SANTANDER;128;CÁCHIRA;16/08/20
54172;54;NORTE DE SANTANDER;172;CHINÁCOTA;3/07/20
54174;54;NORTE DE SANTANDER;174;CHITAGÁ;17/06/20
54206;54;NORTE DE SANTANDER;206;CONVENCIÓN;18/05/20
54223;54;NORTE DE SANTANDER;223;CUCUTILLA;23/07/20
54239;54;NORTE DE SANTANDER;239;DURANIA;28/06/20
54245;54;NORTE DE SANTANDER;245;EL CARMEN;11/07/20
54250;54;NORTE DE SANTANDER;250;EL TARRA;7/07/20
54261;54;NORTE DE SANTANDER;261;EL ZULIA;5/05/20
54313;54;NORTE DE SANTANDER;313;GRAMALOTE;4/07/20
54344;54;NORTE DE SANTANDER;344;HACARÍ;28/07/20
54347;54;NORTE DE SANTANDER;347;HERRÁN;8/08/20
54377;54;NORTE DE SANTANDER;377;LABATECA;8/06/20
54385;54;NORTE DE SANTANDER;385;LA ESPERANZA;29/06/20
54398;54;NORTE DE SANTANDER;398;LA PLAYA;18/05/20
54405;54;NORTE DE SANTANDER;405;LOS PATIOS;15/03/20
54418;54;NORTE DE SANTANDER;418;LOURDES;21/07/20
54480;54;NORTE DE SANTANDER;480;MUTISCUA;8/06/20
54498;54;NORTE DE SANTANDER;498;OCAÑA;24/03/20
54518;54;NORTE DE SANTANDER;518;PAMPLONA;13/04/20
54520;54;NORTE DE SANTANDER;520;PAMPLONITA;13/06/20
54553;54;NORTE DE SANTANDER;553;PUERTO SANTANDER;22/03/20
54599;54;NORTE DE SANTANDER;599;RAGONVALIA;24/06/20
54660;54;NORTE DE SANTANDER;660;SALAZAR;8/08/20
54670;54;NORTE DE SANTANDER;670;SAN CALIXTO;10/07/20
54673;54;NORTE DE SANTANDER;673;SAN CAYETANO;9/07/20
54680;54;NORTE DE SANTANDER;680;SANTIAGO;15/06/20
54720;54;NORTE DE SANTANDER;720;SARDINATA;11/06/20
54743;54;NORTE DE SANTANDER;743;SILOS;8/06/20
54800;54;NORTE DE SANTANDER;800;TEORAMA;29/06/20
54810;54;NORTE DE SANTANDER;810;TIBÚ;22/04/20
54820;54;NORTE DE SANTANDER;820;TOLEDO;22/04/20
54871;54;NORTE DE SANTANDER;871;VILLA CARO;21/07/20
54874;54;NORTE DE SANTANDER;874;VILLA DEL ROSARIO;14/03/20
86001;86;PUTUMAYO;001;MOCOA;18/05/20
86219;86;PUTUMAYO;219;COLÓN;12/05/20
86320;86;PUTUMAYO;320;ORITO;14/05/20
86568;86;PUTUMAYO;568;PUERTO ASÍS;3/05/20
86569;86;PUTUMAYO;569;PUERTO CAICEDO;2/07/20
86571;86;PUTUMAYO;571;PUERTO GUZMÁN;15/04/20
86573;86;PUTUMAYO;573;PUERTO LEGUÍZAMO;29/04/20
86749;86;PUTUMAYO;749;SIBUNDOY;6/07/20
86757;86;PUTUMAYO;757;SAN MIGUEL;13/05/20
86760;86;PUTUMAYO;760;SANTIAGO;25/06/20
86865;86;PUTUMAYO;865;VALLE DEL GUAMUEZ;20/05/20
86885;86;PUTUMAYO;885;VILLAGARZÓN;27/06/20
63001;63;QUINDÍO;001;ARMENIA;8/03/20
63111;63;QUINDÍO;111;BUENAVISTA;25/07/20
63130;63;QUINDÍO;130;CALARCÁ;17/03/20
63190;63;QUINDÍO;190;CIRCASIA;18/03/20
63212;63;QUINDÍO;212;CÓRDOBA;29/04/20
63272;63;QUINDÍO;272;FILANDIA;16/03/20
63302;63;QUINDÍO;302;GÉNOVA;10/07/20
63401;63;QUINDÍO;401;LA TEBAIDA;2/04/20
63470;63;QUINDÍO;470;MONTENEGRO;13/03/20
63548;63;QUINDÍO;548;PIJAO;5/08/20
63594;63;QUINDÍO;594;QUIMBAYA;7/05/20
63690;63;QUINDÍO;690;SALENTO;9/07/20
66001;66;RISARALDA;001;PEREIRA;4/03/20
66045;66;RISARALDA;045;APÍA;16/07/20
66075;66;RISARALDA;075;BALBOA;24/06/20
66088;66;RISARALDA;088;BELÉN DE UMBRÍA;20/05/20
66170;66;RISARALDA;170;DOSQUEBRADAS;10/03/20
66318;66;RISARALDA;318;GUÁTICA;6/08/20
66383;66;RISARALDA;383;LA CELIA;8/06/20
66400;66;RISARALDA;400;LA VIRGINIA;12/04/20
66440;66;RISARALDA;440;MARSELLA;26/06/20
66456;66;RISARALDA;456;MISTRATÓ;4/08/20
66572;66;RISARALDA;572;PUEBLO RICO;6/06/20
66594;66;RISARALDA;594;QUINCHÍA;17/07/20
66682;66;RISARALDA;682;SANTA ROSA DE CABAL;21/03/20
66687;66;RISARALDA;687;SANTUARIO;18/06/20
47001;47;SANTA MARTA D.T. Y C.;001;SANTA MARTA;29/02/20
68001;68;SANTANDER;001;BUCARAMANGA;12/03/20
68013;68;SANTANDER;013;AGUADA;5/07/20
68020;68;SANTANDER;020;ALBANIA;10/09/20
68051;68;SANTANDER;051;ARATOCA;17/07/20
68077;68;SANTANDER;077;BARBOSA;23/05/20
68079;68;SANTANDER;079;BARICHARA;14/06/20
68081;68;SANTANDER;081;BARRANCABERMEJA;22/03/20
68092;68;SANTANDER;092;BETULIA;27/07/20
68101;68;SANTANDER;101;BOLÍVAR;22/07/20
68132;68;SANTANDER;132;CALIFORNIA;15/07/20
68147;68;SANTANDER;147;CAPITANEJO;30/07/20
68152;68;SANTANDER;152;CARCASÍ;21/07/20
68160;68;SANTANDER;160;CEPITÁ;2/07/20
68162;68;SANTANDER;162;CERRITO;11/08/20
68167;68;SANTANDER;167;CHARALÁ;21/07/20
68176;68;SANTANDER;176;CHIMA;26/07/20
68179;68;SANTANDER;179;CHIPATÁ;27/07/20
68190;68;SANTANDER;190;CIMITARRA;26/03/20
68207;68;SANTANDER;207;CONCEPCIÓN;28/03/20
68209;68;SANTANDER;209;CONFINES;11/07/20
68211;68;SANTANDER;211;CONTRATACIÓN;6/08/20
68217;68;SANTANDER;217;COROMORO;22/07/20
68229;68;SANTANDER;229;CURITÍ;22/03/20
68235;68;SANTANDER;235;EL CARMEN DE CHUCURÍ;12/07/20
68245;68;SANTANDER;245;EL GUACAMAYO;30/07/20
68250;68;SANTANDER;250;EL PEÑÓN;26/06/20
68255;68;SANTANDER;255;EL PLAYÓN;10/07/20
68264;68;SANTANDER;264;ENCINO;14/08/20
68266;68;SANTANDER;266;ENCISO;30/08/20
68271;68;SANTANDER;271;FLORIÁN;8/08/20
68276;68;SANTANDER;276;FLORIDABLANCA;12/03/20
68296;68;SANTANDER;296;GALÁN;29/06/20
68298;68;SANTANDER;298;GÁMBITA;26/08/20
68307;68;SANTANDER;307;GIRÓN;25/04/20
68318;68;SANTANDER;318;GUACA;31/07/20
68322;68;SANTANDER;322;GUAPOTÁ;27/03/20
68324;68;SANTANDER;324;GUAVATÁ;14/07/20
68327;68;SANTANDER;327;GÜEPSA;10/09/20
68344;68;SANTANDER;344;HATO;6/07/20
68377;68;SANTANDER;377;LA BELLEZA;1/06/20
68385;68;SANTANDER;385;LANDÁZURI;8/07/20
68397;68;SANTANDER;397;LA PAZ;28/05/20
68406;68;SANTANDER;406;LEBRIJA;15/05/20
68418;68;SANTANDER;418;LOS SANTOS;1/07/20
68425;68;SANTANDER;425;MACARAVITA;29/08/20
68432;68;SANTANDER;432;MÁLAGA;9/06/20
68444;68;SANTANDER;444;MATANZA;6/07/20
68464;68;SANTANDER;464;MOGOTES;2/07/20
68468;68;SANTANDER;468;MOLAGAVITA;29/07/20
68500;68;SANTANDER;500;OIBA;29/06/20
68502;68;SANTANDER;502;ONZAGA;26/06/20
68533;68;SANTANDER;533;PÁRAMO;13/07/20
68547;68;SANTANDER;547;PIEDECUESTA;31/03/20
68549;68;SANTANDER;549;PINCHOTE;10/07/20
68572;68;SANTANDER;572;PUENTE NACIONAL;15/09/20
68573;68;SANTANDER;573;PUERTO PARRA;20/06/20
68575;68;SANTANDER;575;PUERTO WILCHES;12/06/20
68615;68;SANTANDER;615;RIONEGRO;20/06/20
68655;68;SANTANDER;655;SABANA DE TORRES;8/06/20
68669;68;SANTANDER;669;SAN ANDRÉS;20/07/20
68673;68;SANTANDER;673;SAN BENITO;15/07/20
68679;68;SANTANDER;679;SAN GIL;12/06/20
68682;68;SANTANDER;682;SAN JOAQUÍN;29/06/20
68684;68;SANTANDER;684;SAN JOSÉ DE MIRANDA;12/07/20
68689;68;SANTANDER;689;SAN VICENTE DE CHUCURÍ;3/06/20
68705;68;SANTANDER;705;SANTA BÁRBARA;6/08/20
68720;68;SANTANDER;720;SANTA HELENA DEL OPÓN;3/07/20
68755;68;SANTANDER;755;SOCORRO;12/05/20
68770;68;SANTANDER;770;SUAITA;8/06/20
68773;68;SANTANDER;773;SUCRE;20/07/20
68820;68;SANTANDER;820;TONA;19/07/20
68855;68;SANTANDER;855;VALLE DE SAN JOSÉ;5/07/20
68861;68;SANTANDER;861;VÉLEZ;5/07/20
68867;68;SANTANDER;867;VETAS;30/07/20
68872;68;SANTANDER;872;VILLANUEVA;5/05/20
68895;68;SANTANDER;895;ZAPATOCA;7/07/20
70001;70;SUCRE;001;SINCELEJO;20/03/20
70110;70;SUCRE;110;BUENAVISTA;19/05/20
70124;70;SUCRE;124;CAIMITO;4/06/20
70204;70;SUCRE;204;COLOSO;4/06/20
70215;70;SUCRE;215;COROZAL;18/05/20
70221;70;SUCRE;221;COVEÑAS;12/06/20
70230;70;SUCRE;230;CHALÁN;10/06/20
70233;70;SUCRE;233;EL ROBLE;8/06/20
70235;70;SUCRE;235;GALERAS;8/06/20
70265;70;SUCRE;265;GUARANDA;6/06/20
70400;70;SUCRE;400;LA UNIÓN;3/06/20
70418;70;SUCRE;418;LOS PALMITOS;7/05/20
70429;70;SUCRE;429;MAJAGUAL;5/06/20
70473;70;SUCRE;473;MORROA;10/05/20
70508;70;SUCRE;508;OVEJAS;13/06/20
70523;70;SUCRE;523;PALMITO;3/06/20
70670;70;SUCRE;670;SAMPUÉS;26/05/20
70678;70;SUCRE;678;SAN BENITO ABAD;15/06/20
70702;70;SUCRE;702;SAN JUAN DE BETULIA;28/05/20
70708;70;SUCRE;708;SAN MARCOS;25/05/20
70713;70;SUCRE;713;SAN ONOFRE;16/05/20
70717;70;SUCRE;717;SAN PEDRO;29/05/20
70742;70;SUCRE;742;SAN LUIS DE SINCÉ;8/05/20
70771;70;SUCRE;771;SUCRE;27/05/20
70820;70;SUCRE;820;SANTIAGO DE TOLÚ;2/06/20
70823;70;SUCRE;823;TOLÚ VIEJO;4/06/20
73001;73;TOLIMA;001;IBAGUÉ;10/03/20
73024;73;TOLIMA;024;ALPUJARRA;4/07/20
73026;73;TOLIMA;026;ALVARADO;27/07/20
73030;73;TOLIMA;030;AMBALEMA;18/07/20
73043;73;TOLIMA;043;ANZOÁTEGUI;30/06/20
73055;73;TOLIMA;055;ARMERO;23/07/20
73067;73;TOLIMA;067;ATACO;18/08/20
73124;73;TOLIMA;124;CAJAMARCA;20/07/20
73148;73;TOLIMA;148;CARMEN DE APICALÁ;21/07/20
73152;73;TOLIMA;152;CASABIANCA;2/07/20
73168;73;TOLIMA;168;CHAPARRAL;5/06/20
73200;73;TOLIMA;200;COELLO;1/08/20
73217;73;TOLIMA;217;COYAIMA;6/06/20
73226;73;TOLIMA;226;CUNDAY;25/07/20
73236;73;TOLIMA;236;DOLORES;6/07/20
73268;73;TOLIMA;268;ESPINAL;27/03/20
73275;73;TOLIMA;275;FLANDES;7/05/20
73283;73;TOLIMA;283;FRESNO;7/06/20
73319;73;TOLIMA;319;GUAMO;14/04/20
73347;73;TOLIMA;347;HERVEO;1/07/20
73349;73;TOLIMA;349;HONDA;8/05/20
73352;73;TOLIMA;352;ICONONZO;8/07/20
73408;73;TOLIMA;408;LÉRIDA;19/06/20
73411;73;TOLIMA;411;LÍBANO;11/05/20
73443;73;TOLIMA;443;SAN SEBASTIÁN DE MARIQUITA;16/05/20
73449;73;TOLIMA;449;MELGAR;3/03/20
73483;73;TOLIMA;483;NATAGAIMA;8/06/20
73504;73;TOLIMA;504;ORTEGA;8/07/20
73520;73;TOLIMA;520;PALOCABILDO;25/07/20
73547;73;TOLIMA;547;PIEDRAS;7/05/20
73555;73;TOLIMA;555;PLANADAS;23/04/20
73563;73;TOLIMA;563;PRADO;22/07/20
73585;73;TOLIMA;585;PURIFICACIÓN;16/07/20
73616;73;TOLIMA;616;RIOBLANCO;3/07/20
73624;73;TOLIMA;624;ROVIRA;30/04/20
73671;73;TOLIMA;671;SALDAÑA;4/07/20
73675;73;TOLIMA;675;SAN ANTONIO;10/06/20
73678;73;TOLIMA;678;SAN LUIS;3/05/20
73770;73;TOLIMA;770;SUÁREZ;24/07/20
73854;73;TOLIMA;854;VALLE DE SAN JUAN;18/07/20
73861;73;TOLIMA;861;VENADILLO;19/07/20
73870;73;TOLIMA;870;VILLAHERMOSA;15/08/20
73873;73;TOLIMA;873;VILLARRICA;10/06/20
76001;76;VALLE DEL CAUCA;001;CALI;2/03/20
76020;76;VALLE DEL CAUCA;020;ALCALÁ;22/04/20
76036;76;VALLE DEL CAUCA;036;ANDALUCÍA;28/03/20
76041;76;VALLE DEL CAUCA;041;ANSERMANUEVO;2/06/20
76054;76;VALLE DEL CAUCA;054;ARGELIA;7/05/20
76100;76;VALLE DEL CAUCA;100;BOLÍVAR;16/07/20
76111;76;VALLE DEL CAUCA;111;GUADALAJARA DE BUGA;1/03/20
76113;76;VALLE DEL CAUCA;113;BUGALAGRANDE;1/04/20
76122;76;VALLE DEL CAUCA;122;CAICEDONIA;10/06/20
76126;76;VALLE DEL CAUCA;126;CALIMA;15/03/20
76130;76;VALLE DEL CAUCA;130;CANDELARIA;23/03/20
76147;76;VALLE DEL CAUCA;147;CARTAGO;7/03/20
76233;76;VALLE DEL CAUCA;233;DAGUA;2/04/20
76243;76;VALLE DEL CAUCA;243;EL ÁGUILA;17/06/20
76246;76;VALLE DEL CAUCA;246;EL CAIRO;25/05/20
76248;76;VALLE DEL CAUCA;248;EL CERRITO;25/03/20
76250;76;VALLE DEL CAUCA;250;EL DOVIO;12/03/20
76275;76;VALLE DEL CAUCA;275;FLORIDA;30/03/20
76306;76;VALLE DEL CAUCA;306;GINEBRA;26/03/20
76318;76;VALLE DEL CAUCA;318;GUACARÍ;26/03/20
76364;76;VALLE DEL CAUCA;364;JAMUNDÍ;22/03/20
76377;76;VALLE DEL CAUCA;377;LA CUMBRE;6/04/20
76400;76;VALLE DEL CAUCA;400;LA UNIÓN;12/03/20
76403;76;VALLE DEL CAUCA;403;LA VICTORIA;6/07/20
76497;76;VALLE DEL CAUCA;497;OBANDO;21/05/20
76520;76;VALLE DEL CAUCA;520;PALMIRA;7/03/20
76563;76;VALLE DEL CAUCA;563;PRADERA;1/05/20
76606;76;VALLE DEL CAUCA;606;RESTREPO;27/04/20
76616;76;VALLE DEL CAUCA;616;RIOFRÍO;28/07/20
76622;76;VALLE DEL CAUCA;622;ROLDANILLO;27/04/20
76670;76;VALLE DEL CAUCA;670;SAN PEDRO;10/03/20
76736;76;VALLE DEL CAUCA;736;SEVILLA;29/05/20
76823;76;VALLE DEL CAUCA;823;TORO;12/07/20
76828;76;VALLE DEL CAUCA;828;TRUJILLO;16/03/20
76834;76;VALLE DEL CAUCA;834;TULUÁ;9/03/20
76845;76;VALLE DEL CAUCA;845;ULLOA;20/03/20
76863;76;VALLE DEL CAUCA;863;VERSALLES;28/06/20
76869;76;VALLE DEL CAUCA;869;VIJES;13/04/20
76890;76;VALLE DEL CAUCA;890;YOTOCO;2/04/20
76892;76;VALLE DEL CAUCA;892;YUMBO;8/03/20
76895;76;VALLE DEL CAUCA;895;ZARZAL;10/06/20
97001;97;VAUPÉS;001;MITÚ;7/05/20
97161;97;VAUPÉS;161;CARURÚ;27/08/20
97666;97;VAUPÉS;666;TARAIRA;12/06/20
97889;97;VAUPÉS;889;YAVARATÉ;26/05/20
99001;99;VICHADA;001;PUERTO CARREÑO;29/05/20
99524;99;VICHADA;524;LA PRIMAVERA;15/07/20
99773;99;VICHADA;773;CUMARIBO;31/07/20